{
  "pages/checkout": "{{#partial \"head\"}}\n\n{{{ checkout.checkout_head }}}\n{{{ stylesheet '/assets/css/optimized-checkout.css' }}}\n{{ getFontsCollection }}\n\n<script type=\"text/javascript\">\n    window.language = {{{langJson 'optimized_checkout'}}};\n</script>\n\n{{{head.scripts}}}\n\n{{/partial}}\n\n{{#partial \"page\"}}\n<!-- <header class=\"checkoutHeader optimizedCheckout-header\">\n    <div class=\"checkoutHeader-content\">\n        <h1 class=\"is-srOnly\">{{lang 'checkout.title'}}</h1>\n        <h2 class=\"checkoutHeader-heading\">\n            <a class=\"checkoutHeader-link\" href=\"{{urls.home}}\">\n                {{#if checkout.header_image}}\n                    <img alt=\"{{settings.store_logo.title}}\" class=\"checkoutHeader-logo\" id=\"logoImage\" src=\"{{ checkout.header_image }}\"/>\n                {{ else }}\n                    <span class=\"header-logo-text\">{{settings.store_logo.title}}</span>\n                {{/if}}\n            </a>\n        </h2>\n    </div>\n</header>\n-->\n<div id=\"checkout-app\"></div>\n\n{{{ footer.scripts }}}\n\n<script src=\"{{cdn 'assets/dist/theme-bundle.main.js'}}\"></script>\n\n<script type=\"text/javascript\" defer>\n    // Exported in app.js\n    window.initReact();\n</script>\n\n{{/partial}}\n\n{{> layout/co-base}}\n",
  "layout/co-base": "<!DOCTYPE html>\n<html class=\"no-js\" lang=\"{{ locale_name }}\">\n    <head>\n        <title>{{ head.title }}</title>\n        {{{ resourceHints }}}\n        {{{ head.meta_tags }}}\n        {{{ head.config }}}\n        {{#block \"head\"}} {{/block}}\n\n        <link href=\"{{ head.favicon }}\" rel=\"shortcut icon\">\n        <meta name=\"viewport\" content=\"width=device-width, initial-scale=1, maximum-scale=1\">\n\n        <script>\n            {{!-- Change document class from no-js to js so we can detect this in css --}}\n            document.documentElement.className = document.documentElement.className.replace('no-js', 'js');\n        </script>\n        {{!-- Load Lazysizes script ASAP so images will appear --}}\n        <script>\n            {{!-- Only load visible elements until the onload event fires, after which preload nearby elements. --}}\n            window.lazySizesConfig = window.lazySizesConfig || {};\n            window.lazySizesConfig.loadMode = 1;\n        </script>\n        <script src=\"https://cdn.jsdelivr.net/npm/sweetalert2@9\"></script>\n        <script async src=\"{{cdn 'assets/dist/theme-bundle.head_async.js'}}\"></script>\n\n        {{ getFontsCollection }}\n        {{{stylesheet '/assets/css/theme.css'}}}\n\n        {{{head.scripts}}}\n\n        {{~inject 'themeSettings' theme_settings}}\n        {{~inject 'genericError' (lang 'common.generic_error')}}\n        {{~inject 'maintenanceMode' settings.maintenance}}\n        {{~inject 'urls' urls}}\n        {{~inject 'secureBaseUrl' settings.secure_base_url}}\n        {{~inject 'cartId' cart_id}}\n        {{~inject 'template' template}}\n\n        <link href=\"https://fonts.googleapis.com/css?family=Montserrat:300,300i,400,400i,500,500i,600,600i,700,700i,800,800i,900,900i&display=swap\" rel=\"stylesheet\">\n        <link href=\"https://fonts.googleapis.com/css?family=Lato:300,300i,400,400i,700,700i,900,900i&display=swap\" rel=\"stylesheet\">\n\n    </head>\n    <body>\n        <svg data-src=\"{{cdn 'img/icon-sprite.svg'}}\" class=\"icons-svg-sprite\"></svg>\n\n        {{~#and settings.privacy_cookie settings.is_eu_ip_address}}\n            {{> components/common/cookie}}\n        {{/and}}\n\n        {{> components/common/co-header }}\n        {{> components/common/body }}\n        {{> components/common/co-footer }}\n\n        <script>window.__webpack_public_path__ = \"{{cdn 'assets/dist/'}}\";</script>\n        <script src=\"{{cdn 'assets/dist/theme-bundle.main.js'}}\"></script>\n        <script>\n            {{!-- Exported in app.js --}}\n            window.stencilBootstrap(\"{{page_type}}\", {{jsContext}}).load();\n        </script>\n\n        {{{footer.scripts}}}\n    </body>\n</html>\n",
  "components/common/cookie": "<div class=\"cookieMessage\">\n    <div class=\"cookieMessage-container\">\n        <div class=\"cookieMessage-text\">\n            <p>{{settings.privacy_cookie}}</p>\n        </div>\n        <button class=\"button button--primary button--small\" data-privacy-accept>{{lang 'cookies.accept'}}</button>\n    </div>\n</div>\n",
  "components/common/body": "<div class=\"body {{#if page_type '===' 'product'}}pdp-page{{/if}}\" data-currency-code=\"{{currency_selector.active_currency_code}}\">\n    {{#block \"hero\"}} {{/block}}\n    <div class=\"container\">\n        {{#block \"page\"}} {{/block}}\n    </div>\n    {{> components/common/modal}}\n    {{> components/common/alert-modal}}\n</div>\n",
  "components/common/co-header": "<header class=\"header cart-header\">\n    <div class=\"container\">\n\t    <div>\n\t    \t<a href=\"/\">\n\t\t    <img class=\"logo\" src=\"https://cdn11.bigcommerce.com/s-pzzywj275a/product_images/uploaded_images/logo.png\">\n\t\t    </a>\n\t\t    <h2>QUICK &amp; EASY CHECKOUT</h2>\n\t\t    <!--<a><img src=\"https://cdn11.bigcommerce.com/s-pzzywj275a/product_images/uploaded_images/user-icon.png\">Account</a>-->\n\t\t    {{#if customer}}\n\t\t\t    <div class='navUser-item--account'>\n\t               <a class=\"navUser-action header-signin header-user-icon\" href=\"{{urls.account.index}}\">\n\t                    <img src=\"https://cdn11.bigcommerce.com/s-jifykode7m/product_images/uploaded_images/account.png\" class='act-img'>\n\t                    <p>\n\t                    <span>Account</span>\n\t                    <span class='customer-detail'>Hi, {{customer.name}}!</span>\n\t                    </p>\n\t                </a>\n\t               <ul class=\"account-navigation\">\n\t                    <li><img src=\"https://cdn11.bigcommerce.com/s-pzzywj275a/product_images/uploaded_images/multimedia.png\"><a id=\"user-logout\" class=\"navUser-action\" href=\"{{urls.auth.logout}}\">{{lang 'common.logout'}}</a></li>\n\t               </ul>\n\t               <ul class=\"account-navigation mobile-dropdown\">\n\t               \t\t<li><img src=\"https://cdn11.bigcommerce.com/s-pzzywj275a/product_images/uploaded_images/multimedia.png\"></li>\n\t               \t\t<li class='account-link'><a id=\"user-logout\" class=\"navUser-action\" href=\"{{urls.account.index}}\">Account</a></li>\n\t                    <li><a id=\"user-logout\" class=\"navUser-action\" href=\"{{urls.auth.logout}}\">{{lang 'common.logout'}}</a></li>\n\t               </ul>\n\t           \t</div>\n            {{else}}\n                <a class=\"navUser-action header-signin customer-signin\" href=\"{{urls.auth.login}}\">\n                    <img src=\"https://cdn11.bigcommerce.com/s-jifykode7m/product_images/uploaded_images/account.png\" class='act-img'>\n                    <p>\n                        <span>Account</span>\n                        <span class='customer-detail'>{{lang 'common.login'}}</span>\n                    </p>\n                </a>\n            {{/if}}\n\t    </div>\n    </div>\n</header>\n<script src=\"https://ajax.googleapis.com/ajax/libs/jquery/3.5.1/jquery.min.js\"></script>\n<script type=\"text/javascript\">\n\t$(document).ready(function(){\n\t\t$(\".cart-header .navUser-item--account\").click(function(e){\n\t\t\tif($( window ).width() < 768){\n\t\t\t\tif($(\".mobile-dropdown\").css(\"display\") == 'none'){ \n\t\t\t\t\te.preventDefault();\n\t\t\t\t\t$(\".mobile-dropdown\").css(\"display\",\"block\");\n\t\t\t\t\t$(\".mobile-dropdown\").css(\"right\",\"15px\");\n\t\t\t\t\t$(\".mobile-dropdown li img\").css(\"float\",\"right\");\n\t\t\t\t}else{\n\t\t\t\t\te.preventDefault();\n\t\t\t\t\t$(\".mobile-dropdown\").css(\"display\",\"none\");\n\t\t\t\t}\n\t\t\t}\n\t\t});\n\t});\n\n\t$(window).on(\"orientationchange, resize\",function(){\n  \t\t$(\".cart-header .navUser-item--account\").click(function(e){\n\t\t\tif($( window ).width() < 768){\n\t\t\t\tif($(\".mobile-dropdown\").css(\"display\") == 'none'){ \n\t\t\t\t\te.preventDefault();\n\t\t\t\t\t$(\".mobile-dropdown\").css(\"display\",\"block\");\n\t\t\t\t\t$(\".mobile-dropdown\").css(\"right\",\"15px\");\n\t\t\t\t\t$(\".mobile-dropdown li img\").css(\"float\",\"right\");\n\t\t\t\t}else{\n\t\t\t\t\te.preventDefault();\n\t\t\t\t\t$(\".mobile-dropdown\").css(\"display\",\"none\");\n\t\t\t\t}\n\t\t\t}\n\t\t});\n\t\tif($( window ).width() > 768){\n\t\t\t$(\".mobile-dropdown\").css(\"display\",\"none\");\n\t\t}\n\t});\n</script>>\n",
  "components/common/co-footer": "<footer class=\"cart-footer\">\n\t<p>©2020 SkyGeek. All Rights Reserved.</p>\n</footer>\n",
  "components/common/modal": "<div id=\"modal\" class=\"modal\" data-reveal data-prevent-quick-search-close>\n    <a href=\"#\" class=\"modal-close\" aria-label=\"{{lang 'common.close'}}\" role=\"button\">\n        <span aria-hidden=\"true\">&#215;</span>\n    </a>\n    <div class=\"modal-content\"></div>\n    <div class=\"loadingOverlay\"></div>\n</div>\n",
  "components/common/alert-modal": "<div id=\"alert-modal\" class=\"modal modal--alert modal--small\" data-reveal data-prevent-quick-search-close>\n    <div class=\"swal2-icon swal2-error swal2-animate-error-icon\"><span class=\"swal2-x-mark swal2-animate-x-mark\"><span class=\"swal2-x-mark-line-left\"></span><span class=\"swal2-x-mark-line-right\"></span></span></div>\n\n    <div class=\"modal-content\"></div>\n\n    <div class=\"button-container\"><button type=\"button\" class=\"confirm button\" data-reveal-close>OK</button></div>\n</div>\n"
}